,POP_ESTIMATE_2018,Some college or associate's degree 2014-18,POVALL_2018,Unemployed_2018,Median_Household_Income_2018,Housing units,Male_age0to17,Female_age0to17,Male_age18to64,Female_age18to64,Male_age65plus,Female_age65plus,Area in square miles - Land area,Density per square mile of land area - Population,transit_scores - population weighted averages aggregated from town/city level to county
count,400.0,400.0,400.0,400.0,400.0,400.0,400.0,400.0,400.0,400.0,400.0,400.0,400.0,400.0,400.0
mean,201665.435,41069.57,22948.76,3748.1375,63886.3475,80412.7875,23099.63,22113.9075,61261.2425,61851.9575,14945.685,18393.0125,1099.0266000000001,293.59975,2057781043.665
std,146394.24946620243,30070.778630652956,18609.187730725742,2817.4811256381236,16186.767594230103,57434.83581464285,17355.37949676676,16625.663968392917,44468.590955162246,45264.1040131247,11655.49078092104,14412.153038159568,865.2348267455915,219.507139829272,1705648251.2328136
min,655.0,118.0,109.0,13.0,30570.0,526.0,38.0,42.0,177.0,151.0,117.0,127.0,7.48,0.3,0.0
25%,90392.0,18550.5,8280.0,1724.5,52552.25,36138.75,9745.0,9216.25,25807.5,26266.5,6836.75,8137.5,444.65250000000003,71.05000000000001,472284852.25
50%,173435.5,35745.0,18110.5,3186.0,60322.5,69467.5,20132.5,19334.5,54555.5,53576.0,12436.5,15520.5,786.86,295.4,1835335480.0
75%,276206.75,55259.0,33211.5,5210.75,71848.75,114180.0,31560.0,30244.0,86682.25,85976.0,20355.75,24728.25,1589.8725,432.75,3234554114.0
max,692310.0,145319.0,117193.0,15598.0,124947.0,278052.0,87894.0,84249.0,215320.0,214441.0,71635.0,84874.0,3807.51,917.0,7269620141.0
