,POP_ESTIMATE_2018,Some college or associate's degree 2014-18,POVALL_2018,Unemployed_2018,Median_Household_Income_2018,Housing units,Male_age0to17,Female_age0to17,Male_age18to64,Female_age18to64,Male_age65plus,Female_age65plus,Area in square miles - Land area,Density per square mile of land area - Population,transit_scores - population weighted averages aggregated from town/city level to county
count,91.0,91.0,91.0,91.0,91.0,91.0,91.0,91.0,91.0,91.0,91.0,91.0,91.0,91.0,91.0
mean,593283.8791208791,119384.43956043955,82968.62637362638,12151.175824175823,55742.64835164835,222235.13186813187,70626.27472527472,67790.6043956044,183030.94505494504,182626.7142857143,39902.73626373626,49306.604395604394,5061.333846153846,315.66923076923075,2265582150.0
std,810968.6242004246,161915.49028251393,108724.30658378797,15838.618886614107,12430.58565472335,294970.3289568935,95742.70058165338,91925.77020991559,254776.12926141702,252908.37782139756,53679.63501280023,67209.03455635495,4400.994520042226,430.26558276185847,1795347806.4486864
min,4074.0,941.0,608.0,87.0,33652.0,2335.0,505.0,463.0,1106.0,1090.0,436.0,474.0,233.48,0.7,323873.0
25%,48092.0,11938.0,7222.5,966.5,46826.5,19602.0,6215.0,5818.5,14745.5,13486.0,3573.5,4022.0,1733.675,7.050000000000001,523491342.5
50%,212128.0,51020.0,34411.0,4970.0,53833.0,93656.0,26330.0,25435.0,62823.0,60172.0,17903.0,20775.0,4528.54,46.9,2132019684.0
75%,835798.5,157682.0,109488.5,17036.0,62999.5,306328.5,104372.0,99477.0,258595.5,255404.0,51024.5,64764.5,6215.565,549.7,3520744049.5
max,4410824.0,923098.0,535183.0,92307.0,94822.0,1639279.0,537457.0,515331.0,1342660.0,1346091.0,301601.0,367684.0,24607.9,1444.9,6541829396.0
