,POP_ESTIMATE_2018,Some college or associate's degree 2014-18,POVALL_2018,Unemployed_2018,Median_Household_Income_2018,Housing units,Male_age0to17,Female_age0to17,Male_age18to64,Female_age18to64,Male_age65plus,Female_age65plus,Area in square miles - Land area,Density per square mile of land area - Population,transit_scores - population weighted averages aggregated from town/city level to county
count,408.0,408.0,408.0,408.0,408.0,408.0,408.0,408.0,408.0,408.0,408.0,408.0,408.0,408.0,408.0
mean,65324.151960784315,13863.279411764706,8806.730392156862,1233.639705882353,53819.36274509804,28913.696078431374,7287.730392156863,6967.776960784314,19667.345588235294,19505.495098039217,5379.142156862745,6516.661764705882,644.7550980392156,104.6078431372549,1061528381.249313
std,42714.92228880925,9295.723760224673,6383.378959793319,866.8852232344955,10532.970219599145,18026.801757459263,4988.555797456016,4786.082132457874,12924.85426683219,13157.229019598974,3528.3092030491925,4319.242967988687,226.57648377749436,66.60599383683522,1169286259.9994428
min,1101.0,237.0,190.0,25.0,25385.0,1760.0,111.0,82.0,338.0,290.0,139.0,141.0,149.9,1.6,0.71973
25%,33841.25,6925.75,3888.25,585.75,46739.75,15297.0,3616.5,3482.75,10016.5,9696.25,2886.5,3405.25,489.73249999999996,53.95,163145900.0
50%,54026.5,11490.5,7196.5,995.0,52508.0,25474.0,5711.5,5444.0,16216.0,16297.5,4647.0,5467.5,614.62,89.6,610113814.5
75%,93653.75,19087.5,12742.75,1738.0,60072.0,38810.0,10898.25,10377.5,27602.0,27783.0,7158.5,8771.0,780.1075000000001,139.3,1751510202.75
max,190800.0,45954.0,40201.0,4846.0,93751.0,86844.0,22711.0,21461.0,58520.0,63178.0,25646.0,28059.0,1308.35,303.4,5991990222.0
