,POP_ESTIMATE_2018,Some college or associate's degree 2014-18,POVALL_2018,Unemployed_2018,Median_Household_Income_2018,Housing units,Male_age0to17,Female_age0to17,Male_age18to64,Female_age18to64,Male_age65plus,Female_age65plus,Area in square miles - Land area,Density per square mile of land area - Population,transit_scores - population weighted averages aggregated from town/city level to county
count,140.0,140.0,140.0,140.0,140.0,140.0,140.0,140.0,140.0,140.0,140.0,140.0,140.0,140.0,140.0
mean,761982.95,132945.42857142858,89346.17142857143,14856.842857142858,71827.27142857143,292177.9357142857,86726.65,83255.47142857143,238286.94285714286,244184.41428571427,47303.02857142857,62226.44285714286,367.4207142857143,2912.724285714286,3122334678.0
std,1093635.2167464073,193074.4162878876,155363.00538161525,24240.95869494333,23436.02909002569,394059.3452049702,126013.68783970631,120732.35072049075,349367.90593326994,352356.221500079,64624.410774313714,84819.84349325181,434.45442800583197,6189.463097853782,2679358852.4398675
min,5121.0,672.0,535.0,97.0,33892.0,2546.0,354.0,315.0,1387.0,1616.0,424.0,612.0,2.0,48.3,0.0
25%,165869.25,33819.75,16958.25,3171.0,53275.5,73369.75,20897.0,19945.5,53483.5,56802.0,10594.75,13802.5,60.324999999999996,1193.45,84.0
50%,565815.5,103879.5,61803.0,11535.0,68027.5,221241.0,65594.5,62713.0,172888.0,179382.0,37044.0,47251.5,300.29499999999996,1668.9,3314927516.0
75%,938474.75,161116.75,97325.5,17482.75,87418.5,362510.75,108060.5,103121.75,285472.5,296756.5,60448.25,77695.5,500.22749999999996,2640.8,5446070832.25
max,10105518.0,1790808.0,1409155.0,239829.0,140382.0,3445076.0,1120270.0,1068623.0,3265204.0,3275464.0,596421.0,779536.0,4057.88,69468.4,9194202251.0
